{
  "20": {
    "R": {
      "a": 0.00017249464634691038,
      "b": 0.0,
      "sigma_read": 0.0,
      "n_samples": 39501,
      "r2": 0.26085591316223145
    },
    "G1": {
      "a": 0.00019700276130309787,
      "b": 0.0,
      "sigma_read": 0.0,
      "n_samples": 60152,
      "r2": 0.3336647152900696
    },
    "G2": {
      "a": 0.0003070808768354727,
      "b": 0.0,
      "sigma_read": 0.0,
      "n_samples": 61064,
      "r2": 0.39463114738464355
    },
    "B": {
      "a": 0.0001677635699989172,
      "b": 0.0,
      "sigma_read": 0.0,
      "n_samples": 39379,
      "r2": 0.2503700256347656
    }
  },
  "50": {
    "R": {
      "a": 0.000373310525901616,
      "b": 0.0,
      "sigma_read": 0.0,
      "n_samples": 3006,
      "r2": 0.9990342855453491
    },
    "G1": {
      "a": 0.0004320910957176239,
      "b": 0.0,
      "sigma_read": 0.0,
      "n_samples": 2800,
      "r2": 0.99903404712677
    },
    "G2": {
      "a": 0.0006660362123511727,
      "b": 0.0,
      "sigma_read": 0.0,
      "n_samples": 3136,
      "r2": 0.9991944432258606
    },
    "B": {
      "a": 0.00036156122223474096,
      "b": 0.0,
      "sigma_read": 0.0,
      "n_samples": 3031,
      "r2": 0.9989281296730042
    }
  },
  "100": {
    "R": {
      "a": 0.0006694387078165489,
      "b": 2.1824962459504604e-07,
      "sigma_read": 0.0004671719432875288,
      "n_samples": 3440,
      "r2": 0.9991503953933716
    },
    "G1": {
      "a": 0.0007827260313566606,
      "b": 8.768838597461581e-07,
      "sigma_read": 0.0009364207706721152,
      "n_samples": 3258,
      "r2": 0.9993106722831726
    },
    "G2": {
      "a": 0.0011963476996629827,
      "b": 5.969777703285217e-07,
      "sigma_read": 0.0007726433655500588,
      "n_samples": 3296,
      "r2": 0.9991726279258728
    },
    "B": {
      "a": 0.0006463278863308071,
      "b": 2.6952329790219665e-07,
      "sigma_read": 0.0005191563328152673,
      "n_samples": 3473,
      "r2": 0.9990909695625305
    }
  },
  "200": {
    "R": {
      "a": 0.0012004702584818019,
      "b": 2.0166044123470783e-06,
      "sigma_read": 0.0014200719743544968,
      "n_samples": 3018,
      "r2": 0.9990182518959045
    },
    "G1": {
      "a": 0.0014178955461829903,
      "b": 2.536500687710941e-06,
      "sigma_read": 0.0015926395347695412,
      "n_samples": 3013,
      "r2": 0.9990420341491699
    },
    "G2": {
      "a": 0.0021489039063453674,
      "b": 2.670421963557601e-06,
      "sigma_read": 0.001634142577487534,
      "n_samples": 2972,
      "r2": 0.9988365769386292
    },
    "B": {
      "a": 0.0011553775984793897,
      "b": 1.6651174519211054e-06,
      "sigma_read": 0.0012903943009487857,
      "n_samples": 3016,
      "r2": 0.9990711808204651
    }
  },
  "400": {
    "R": {
      "a": 0.002152742028018922,
      "b": 1.8690479919314384e-06,
      "sigma_read": 0.0013671313001798469,
      "n_samples": 2981,
      "r2": 0.9991455674171448
    },
    "G1": {
      "a": 0.002568494849214336,
      "b": 3.0560477171093225e-06,
      "sigma_read": 0.001748155518570737,
      "n_samples": 3053,
      "r2": 0.9991171360015869
    },
    "G2": {
      "a": 0.0038599046080058787,
      "b": 3.6300334613770247e-06,
      "sigma_read": 0.0019052646696396342,
      "n_samples": 2973,
      "r2": 0.9989548921585083
    },
    "B": {
      "a": 0.002065356335847112,
      "b": 1.9411672838032246e-06,
      "sigma_read": 0.0013932577951704503,
      "n_samples": 2989,
      "r2": 0.9991389513015747
    }
  },
  "800": {
    "R": {
      "a": 0.003860402376865114,
      "b": 1.5883269952610135e-06,
      "sigma_read": 0.0012602884571640785,
      "n_samples": 2721,
      "r2": 0.9989443421363831
    },
    "G1": {
      "a": 0.004652786877143605,
      "b": 3.592038410715759e-06,
      "sigma_read": 0.0018952673718279852,
      "n_samples": 3010,
      "r2": 0.9990719556808472
    },
    "G2": {
      "a": 0.006933238633384714,
      "b": 2.3147149477154016e-06,
      "sigma_read": 0.0015214187285936115,
      "n_samples": 2916,
      "r2": 0.9986932873725891
    },
    "B": {
      "a": 0.003692036957993606,
      "b": 1.2004311429336667e-06,
      "sigma_read": 0.0010956418862628733,
      "n_samples": 2775,
      "r2": 0.9987624883651733
    }
  },
  "1000": {
    "R": {
      "a": 0.004658934498141014,
      "b": 1.807944499887526e-06,
      "sigma_read": 0.0013445982670997037,
      "n_samples": 3341,
      "r2": 0.9989600777626038
    },
    "G1": {
      "a": 0.005633544151366393,
      "b": 3.4034892451018095e-06,
      "sigma_read": 0.0018448548032573755,
      "n_samples": 3362,
      "r2": 0.9993048310279846
    },
    "G2": {
      "a": 0.008371853928665426,
      "b": 3.786379238590598e-06,
      "sigma_read": 0.0019458620810814415,
      "n_samples": 3403,
      "r2": 0.9990787506103516
    },
    "B": {
      "a": 0.004451221210564171,
      "b": 1.60920899361372e-06,
      "sigma_read": 0.001268546015568107,
      "n_samples": 3360,
      "r2": 0.9989917278289795
    }
  },
  "1600": {
    "R": {
      "a": 0.006922662500820014,
      "b": 1.3749959180131555e-06,
      "sigma_read": 0.0011726021993895268,
      "n_samples": 3032,
      "r2": 0.9991229772567749
    },
    "G1": {
      "a": 0.008428448174907436,
      "b": 2.655273419804871e-06,
      "sigma_read": 0.0016295009726308453,
      "n_samples": 3251,
      "r2": 0.9988657832145691
    },
    "G2": {
      "a": 0.012453623296222434,
      "b": 3.1827075872570276e-06,
      "sigma_read": 0.0017840144582533595,
      "n_samples": 3206,
      "r2": 0.9989734888076782
    },
    "B": {
      "a": 0.006599895941733382,
      "b": 9.160721674561501e-07,
      "sigma_read": 0.0009571165903149678,
      "n_samples": 3018,
      "r2": 0.9990845918655396
    }
  },
  "2000": {
    "R": {
      "a": 0.008354629387169821,
      "b": 1.6932317521423101e-06,
      "sigma_read": 0.0013012423879286712,
      "n_samples": 2870,
      "r2": 0.9990240335464478
    },
    "G1": {
      "a": 0.010205074114633478,
      "b": 2.916945959441364e-06,
      "sigma_read": 0.0017079068942542986,
      "n_samples": 3034,
      "r2": 0.9990891218185425
    },
    "G2": {
      "a": 0.015037693152024205,
      "b": 3.4650438465178013e-06,
      "sigma_read": 0.0018614628243716826,
      "n_samples": 3016,
      "r2": 0.9990242719650269
    },
    "B": {
      "a": 0.007957015906830185,
      "b": 1.438005710951984e-06,
      "sigma_read": 0.0011991687583288617,
      "n_samples": 2851,
      "r2": 0.9990173578262329
    }
  }
}